name,category,sub-category,qualification
Phaondy H Konan,Medical,Others,
MICHELLE CABESAS RN,Medical,Registered Nurses,RN
VINCENT YANG MD,Medical,All Specialists,MD
AGRIPPINA A WASONGA LVN,Medical,Others,
PADMA DASARI MD,Medical,Physician Assistants,MD
KRISHNA CHANDRA ER TECH,Medical,Others,
LIZA GJURA-THOMFORD LVN,Medical,Others,
FRANCIS S PANGILINAN MA,Medical,Physician Assistants,
PAUL JEFFREY RUBIN MD,Medical,Physician Assistants,MD
TAAHJA ANDERSON MA,Medical,Others,
ALLAN JEFFREY SANTOS DO,Medical,PCP,DO
KRISHNA CHANDRA ER TECH,Medical,Others,
A A ISAZADE MD,Medical,PCP,MD
KRISTIN MARIE CADIGAN PT,Medical,Physical/Occupational Therapists,PT
HAILI MARIE ADAMS,Medical,Others,
JAMES H LIM MD,Medical,PCP,MD
MEGAN HATCHER MA,Medical,Others,
KARA J STAPERT RN,Medical,Registered Nurses,RN
SHEILA A. WATSON RN,Medical,Registered Nurses,RN
LIZA GJURA-THOMFORD LVN,Medical,Others,
Danielle Nicole Kirker,Medical,Others,
CAMERON WHITFIELD LVN,Medical,Others,
ANITA MARIE VERGARA,Medical,Others,
NORMA I. MALLORCA,Medical,Others,
JULIANA PREMO MA,Medical,Others,
JAMES H LIM MD,Medical,PCP,MD
ANNICK R GULLEY MA,Medical,Others,
JOHN F KENNEDY Z BENITO RN,Medical,Registered Nurses,RN
REBECCA ANN ROSSNER MD,Medical,PCP,MD
CLIFF J YEH MD,Medical,PCP,MD
YEZENIA ESPINOSA MA,Medical,Others,
CHIMEZIE UZODIMMA OKOCHI MD,Medical,PCP,MD
PAUL JEFFREY RUBIN MD,Medical,Physician Assistants,MD
JEFFREY CHEEFAI SIU MD,Medical,PCP,MD
SELINA CURA MA,Medical,Others,
PATRICK C CAVANAUGH LVN,Medical,Physician Assistants,
JEFFREY CHEEFAI SIU MD,Medical,PCP,MD
YEZENIA ESPINOSA MA,Medical,Others,
BARBARA P AUSTIN MA,Medical,Others,
CAMERON WHITFIELD LVN,Medical,Others,
AGRIPPINA A WASONGA LVN,Medical,Others,
HILLARY S SAGUN LVN,Medical,Others,
BETTY ZINLAN CHU MD,Medical,PCP,MD
LISA MALONE RN,Medical,Registered Nurses,RN
AASER HAMOUD ALI MD,Medical,PCP,MD
A A ISAZADE MD,Medical,PCP,MD
REBECCA ANN ROSSNER MD,Medical,PCP,MD
CLAUDIA D PROVEDOR RN,Medical,Registered Nurses,RN
WOSEN MULAT BEKELE MD,Medical,PCP,MD
SCOTT DANIEL CASEY MD,Medical,Physical/Occupational Therapists,MD
MICHAEL RIVERA BIDING MA,Medical,Others,
VIGNESH AMAL ARASU MD,Medical,PCP,MD
RINA SEERKE TEPER MD,Medical,PCP,MD
RICHARD WHITE,Medical,Others,
NORMA I. MALLORCA,Medical,Others,
ALLAN JEFFREY SANTOS DO,Medical,PCP,DO
MICHELLE CABESAS RN,Medical,Registered Nurses,RN
LUCIA B CANTOR MA,Medical,Others,
HILLARY S SAGUN LVN,Medical,Others,
ANGELA LOPEZ MA,Medical,Others,
BECKY NGOC LEE MD,Medical,PCP,MD
SUNGJOON CARLSON PA,Medical,Physician Assistants,PA
MAHYAR KHALEGHI MD,Medical,PCP,MD
BECKY NGOC LEE MD,Medical,PCP,MD
BETTY ZINLAN CHU MD,Medical,PCP,MD
CLAUDIA D PROVEDOR RN,Medical,Registered Nurses,RN
MOISES A DIEMECKE MERLOS,Medical,Others,
JANE MARIE PROSSER MD,Medical,PCP,MD
SANDEEP KUMAR DHAM MD,Medical,PCP,MD
GAYATRI C IYER MD,Medical,PCP,MD
JANE MARIE PROSSER MD,Medical,PCP,MD
SUNGJOON CARLSON PA,Medical,Physician Assistants,PA
TAAHJA ANDERSON MA,Medical,Others,
AASER HAMOUD ALI MD,Medical,PCP,MD
GAYATRI C IYER MD,Medical,PCP,MD
PADMA DASARI MD,Medical,Physician Assistants,MD
ANGELA LOPEZ MA,Medical,Others,
CHIMEZIE UZODIMMA OKOCHI MD,Medical,PCP,MD